{
  "compliant": {
    "min": 0.2179657518863678,
    "max": 0.4568612575531006,
    "mean": 0.3396398425102234,
    "std": 0.06936289370059967
  },
  "low": {
    "min": 0.30717208981513977,
    "max": 0.59450364112854,
    "mean": 0.4215804934501648,
    "std": 0.0838380977511406
  },
  "medium": {
    "min": 0.23404957354068756,
    "max": 0.6233615875244141,
    "mean": 0.5002211332321167,
    "std": 0.10581714659929276
  },
  "high": {
    "min": 0.2317621260881424,
    "max": 0.6397107839584351,
    "mean": 0.48012423515319824,
    "std": 0.12633615732192993
  },
  "critical": {
    "min": 0.29430484771728516,
    "max": 0.6744379997253418,
    "mean": 0.4969377815723419,
    "std": 0.11322064697742462
  }
}