{
  "compliant": {
    "min": 0.24186018109321594,
    "max": 0.595166802406311,
    "mean": 0.4916624426841736,
    "std": 0.0861995741724968
  },
  "low": {
    "min": 0.4386729598045349,
    "max": 0.6352245807647705,
    "mean": 0.5494316816329956,
    "std": 0.06163111701607704
  },
  "medium": {
    "min": 0.2401009351015091,
    "max": 0.6895735263824463,
    "mean": 0.5597544312477112,
    "std": 0.11651575565338135
  },
  "high": {
    "min": 0.28662896156311035,
    "max": 0.743484377861023,
    "mean": 0.5597912073135376,
    "std": 0.14506030082702637
  },
  "critical": {
    "min": 0.34899431467056274,
    "max": 0.7537781000137329,
    "mean": 0.6035763621330261,
    "std": 0.08930723369121552
  }
}